{
    "256_8": {
        "test_retest": {
            "accuracy": {
                "linear": 75.0,
                "poly": 80.0,
                "rbf": 75.0
            },
            "training_time": {
                "linear": 0.0017409324645996094,
                "poly": 0.0015769004821777344,
                "rbf": 0.0014469623565673828
            },
            "precision": {
                "linear": 69.16666666666667,
                "poly": 80.0,
                "rbf": 65.0
            },
            "recall": {
                "linear": 75.0,
                "poly": 80.0,
                "rbf": 75.0
            },
            "f1": {
                "linear": 70.66666666666667,
                "poly": 78.5,
                "rbf": 68.83333333333333
            }
        },
        "retest_test": {
            "accuracy": {
                "linear": 65.0,
                "poly": 62.5,
                "rbf": 62.5
            },
            "training_time": {
                "linear": 0.0015888214111328125,
                "poly": 0.001580953598022461,
                "rbf": 0.0014960765838623047
            },
            "precision": {
                "linear": 67.5952380952381,
                "poly": 62.26190476190476,
                "rbf": 64.76190476190476
            },
            "recall": {
                "linear": 65.0,
                "poly": 62.5,
                "rbf": 62.5
            },
            "f1": {
                "linear": 61.412698412698404,
                "poly": 57.72222222222222,
                "rbf": 58.72222222222223
            }
        }
    },
    "256_64": {
        "test_retest": {
            "accuracy": {
                "linear": 77.5,
                "poly": 70.0,
                "rbf": 67.5
            },
            "training_time": {
                "linear": 0.001676321029663086,
                "poly": 0.001743316650390625,
                "rbf": 0.0016353130340576172
            },
            "precision": {
                "linear": 71.66666666666666,
                "poly": 65.0,
                "rbf": 58.33333333333333
            },
            "recall": {
                "linear": 77.5,
                "poly": 70.0,
                "rbf": 67.5
            },
            "f1": {
                "linear": 72.49999999999999,
                "poly": 65.33333333333331,
                "rbf": 59.999999999999986
            }
        },
        "retest_test": {
            "accuracy": {
                "linear": 77.5,
                "poly": 72.5,
                "rbf": 70.0
            },
            "training_time": {
                "linear": 0.0009865760803222656,
                "poly": 0.0009951591491699219,
                "rbf": 0.0010077953338623047
            },
            "precision": {
                "linear": 68.33333333333333,
                "poly": 60.83333333333333,
                "rbf": 61.16666666666667
            },
            "recall": {
                "linear": 77.5,
                "poly": 72.5,
                "rbf": 70.0
            },
            "f1": {
                "linear": 70.66666666666667,
                "poly": 65.33333333333333,
                "rbf": 64.02380952380952
            }
        }
    },
    "256_128": {
        "test_retest": {
            "accuracy": {
                "linear": 72.5,
                "poly": 67.5,
                "rbf": 72.5
            },
            "training_time": {
                "linear": 0.0012493133544921875,
                "poly": 0.0012519359588623047,
                "rbf": 0.0013170242309570312
            },
            "precision": {
                "linear": 70.0,
                "poly": 62.083333333333336,
                "rbf": 67.5
            },
            "recall": {
                "linear": 72.5,
                "poly": 67.5,
                "rbf": 72.5
            },
            "f1": {
                "linear": 68.66666666666667,
                "poly": 61.83333333333333,
                "rbf": 67.66666666666666
            }
        },
        "retest_test": {
            "accuracy": {
                "linear": 72.5,
                "poly": 72.5,
                "rbf": 72.5
            },
            "training_time": {
                "linear": 0.0012018680572509766,
                "poly": 0.0011620521545410156,
                "rbf": 0.0012137889862060547
            },
            "precision": {
                "linear": 67.5,
                "poly": 66.66666666666666,
                "rbf": 70.0
            },
            "recall": {
                "linear": 72.5,
                "poly": 72.5,
                "rbf": 72.5
            },
            "f1": {
                "linear": 67.0,
                "poly": 66.33333333333333,
                "rbf": 68.16666666666666
            }
        }
    },
    "256_250": {
        "test_retest": {
            "accuracy": {
                "linear": 82.5,
                "poly": 77.5,
                "rbf": 82.5
            },
            "training_time": {
                "linear": 0.058225154876708984,
                "poly": 0.045758724212646484,
                "rbf": 0.059877872467041016
            },
            "precision": {
                "linear": 76.66666666666666,
                "poly": 74.16666666666666,
                "rbf": 76.66666666666666
            },
            "recall": {
                "linear": 82.5,
                "poly": 77.5,
                "rbf": 82.5
            },
            "f1": {
                "linear": 78.83333333333333,
                "poly": 74.0,
                "rbf": 78.83333333333333
            }
        },
        "retest_test": {
            "accuracy": {
                "linear": 85.0,
                "poly": 82.5,
                "rbf": 80.0
            },
            "training_time": {
                "linear": 0.0450894832611084,
                "poly": 0.15875458717346191,
                "rbf": 0.07480764389038086
            },
            "precision": {
                "linear": 76.66666666666666,
                "poly": 75.0,
                "rbf": 74.16666666666666
            },
            "recall": {
                "linear": 85.0,
                "poly": 82.5,
                "rbf": 80.0
            },
            "f1": {
                "linear": 79.66666666666666,
                "poly": 77.0,
                "rbf": 74.66666666666666
            }
        }
    },
    "512_0": {
        "test_retest": {
            "accuracy": {
                "linear": 75.0,
                "poly": 72.5,
                "rbf": 72.5
            },
            "training_time": {
                "linear": 0.0009639263153076172,
                "poly": 0.0008749961853027344,
                "rbf": 0.0008256435394287109
            },
            "precision": {
                "linear": 76.16666666666666,
                "poly": 74.16666666666666,
                "rbf": 73.66666666666666
            },
            "recall": {
                "linear": 75.0,
                "poly": 72.5,
                "rbf": 72.5
            },
            "f1": {
                "linear": 72.52380952380953,
                "poly": 70.66666666666667,
                "rbf": 70.02380952380953
            }
        },
        "retest_test": {
            "accuracy": {
                "linear": 72.5,
                "poly": 70.0,
                "rbf": 67.5
            },
            "training_time": {
                "linear": 0.0008432865142822266,
                "poly": 0.0008461475372314453,
                "rbf": 0.0008034706115722656
            },
            "precision": {
                "linear": 77.5,
                "poly": 74.16666666666666,
                "rbf": 71.16666666666667
            },
            "recall": {
                "linear": 72.5,
                "poly": 70.0,
                "rbf": 67.5
            },
            "f1": {
                "linear": 71.0,